Civilización,Crossbowman,Arbalester,Elite Skirmisher,Cavalry Archer,Heavy Cavalry Archer,Hand Cannoneer,Thumb Ring,Parthian Tactics,Unidades Especiales
Armenians,Sí,Sí,Sí,Sí,No,No,No,No,-
Aztecs,Sí,Sí,Sí,No,No,No,No,No,-
Bengalis,Sí,Sí,Sí,Elephant Archer,Elite Elephant,No,No,No,Elephant Archer
Berbers,Sí,No,Sí,Sí,Sí,Sí,Sí,No,Genitour
Bohemians,Sí,Sí,Sí,No,No,Sí,No,No,-
Britons,Sí,Sí,Sí,Sí,Sí,No,No,No,-
Bulgarians,No,No,Sí,Sí,Sí,No,Sí,Sí,-
Burgundians,Sí,No,Sí,Sí,No,Sí,No,No,-
Burmese,Sí,No,Sí,Sí,Sí,No,No,Sí,-
Byzantines,Sí,Sí,Sí,Sí,Sí,Sí,Sí,No,-
Celts,Sí,No,Sí,Sí,Sí,No,No,No,-
Chinese,Sí,Sí,Sí,Sí,Sí,No,Sí,No,-
Cumans,Sí,No,Sí,Sí,Sí,No,Sí,Sí,-
Dravidians,Sí,Sí,Sí,Elephant Archer,Elite Elephant,Sí,Sí,No,Elephant Archer
Ethiopians,Sí,Sí,Sí,Sí,Sí,No,Sí,No,-
Franks,Sí,No,Sí,Sí,Sí,Sí,No,No,-
Georgians,Sí,No,Sí,Sí,Sí,Sí,No,Sí,-
Goths,Sí,No,Sí,Sí,Sí,Sí,No,No,-
Gurjaras,Sí,No,Sí,Elephant Archer,Elite Elephant,Sí,Sí,No,Elephant Archer
Hindustanis,Sí,No,Sí,Sí,Sí,Sí,Sí,No,-
Huns,Sí,No,Sí,Sí,Sí,No,Sí,Sí,-
Inca,Sí,Sí,Sí,No,No,No,Sí,No,Slinger
Italians,Sí,Sí,Sí,Sí,No,Sí,Sí,No,-
Japanese,Sí,Sí,Sí,Sí,Sí,Sí,Sí,Sí,-
Jurchens,Sí,No,Sí,Sí,Sí,No,No,No,Grenadier
Khitans,Sí,No,Sí,Sí,Sí,No,Sí,Sí,-
Khmer,Sí,Sí,Sí,Sí,Sí,Sí,No,Sí,-
Koreans,Sí,Sí,Sí,Sí,Sí,Sí,Sí,No,-
Lithuanians,Sí,No,Sí,Sí,Sí,Sí,Sí,No,-
Magyars,Sí,Sí,Sí,Sí,Sí,No,Sí,Sí,-
Malay,Sí,Sí,Sí,Sí,No,No,Sí,No,-
Malians,Sí,Sí,Sí,Sí,Sí,Sí,Sí,No,-
Mapuche,Sí,No,Sí,No,No,No,No,No,Slinger
Maya,Sí,Sí,Sí,No,No,No,Sí,No,-
Mongols,Sí,Sí,Sí,Sí,Sí,No,Sí,Sí,-
Muisca,Sí,Sí,Sí,No,No,No,Sí,No,Slinger
Persians,Sí,No,Sí,Sí,Sí,Sí,Sí,Sí,-
Poles,Sí,Sí,Sí,Sí,Sí,No,Sí,No,-
Portuguese,Sí,Sí,Sí,Sí,No,Sí,Sí,No,-
Romans,Sí,No,Sí,Sí,Sí,No,No,No,-
Saracens,Sí,Sí,Sí,Sí,Sí,Sí,Sí,Sí,-
Shu,Sí,Sí,Sí,Sí,Sí,No,Sí,No,-
Sicilians,Sí,Sí,Sí,Sí,No,No,No,No,-
Slavs,Sí,No,Sí,Sí,Sí,No,No,No,-
Spanish,No,No,Sí,Sí,Sí,Sí,Sí,No,-
Tatars,Sí,No,Sí,Sí,Sí,Sí,Free Tech,Free Tech,-
Teutons,Sí,No,Sí,Sí,No,Sí,No,No,-
Tupi,Sí,Sí,Sí,No,No,No,No,No,Slinger
Turks,Sí,No,No,Sí,Sí,Free Tech,Sí,Sí,-
Vietnamese,Sí,Sí,Sí,Sí,Sí,No,Sí,No,Imperial Skirmisher
Vikings,Sí,Sí,Sí,Sí,No,No,No,No,-
Wei,Sí,No,Sí,No,No,No,Sí,Sí,Xianbei Raider
Wu,Sí,Sí,Sí,Sí,No,No,No,No,-