Civilización,Long Swordsman,Two-Handed Swordsman,Champion,Pikeman,Halberdier,Squires,Arson,Gambesons,Unidades Regionales / Únicas
Armenians,Sí,Sí,Sí,Sí,Sí,Sí,Sí,Sí,-
Aztecs,Sí,Sí,Sí,Sí,No,Sí,Sí,Sí,Eagle Warrior
Bengalis,Sí,Sí,Sí,Sí,Sí,Sí,Sí,Sí,-
Berbers,Sí,Sí,Sí,Sí,No,Sí,Sí,No,-
Bohemians,Sí,Sí,Sí,Sí,Sí,Sí,Sí,No,-
Britons,Sí,Sí,Sí,Sí,Sí,Sí,Sí,Sí,-
Bulgarians,Free Tech,Free Tech,No,Sí,Sí,Sí,Sí,Sí,-
Burgundians,Sí,Sí,Sí,Sí,Sí,Sí,Sí,No,Flemish Militia
Burmese,Sí,Sí,Sí,Sí,Sí,Sí,Sí,Sí,-
Byzantines,Sí,Sí,Sí,Sí,Sí,Sí,Sí,Sí,-
Celts,Sí,Sí,Sí,Sí,Sí,Free Bonus,Sí,Sí,-
Chinese,Sí,Sí,Sí,Sí,Sí,Sí,Sí,No,Fire Lancer
Cumans,Sí,Sí,Sí,Sí,Sí,Sí,Sí,No,-
Dravidians,Sí,Sí,Sí,Sí,Sí,Sí,Sí,Sí,-
Ethiopians,Sí,Sí,No,Free Tech,Sí,Sí,Sí,No,-
Franks,Sí,Sí,Sí,Sí,Sí,Sí,Sí,Sí,-
Georgians,Sí,Sí,Sí,Sí,Sí,Sí,Sí,Sí,-
Goths,Sí,Sí,Sí,Sí,Sí,Sí,Free Bonus,No,Huskarl
Gurjaras,Sí,Sí,Sí,No,No,No,Sí,No,-
Hindustanis,Sí,Sí,Sí,Sí,No,Sí,Sí,No,-
Huns,Sí,Sí,No,Sí,Sí,Sí,Sí,No,-
Inca,Champi,Elite Champi,No,Sí,Sí,Sí,Sí,No,-
Italians,Sí,Sí,Sí,Sí,No,Sí,Sí,No,Condottiero (team)
Japanese,Sí,Sí,Sí,Sí,Sí,Sí,Sí,Sí,-
Jurchens,No,No,No,Sí,Sí,Sí,Sí,Sí,Fire Lancer
Khitans,Sí,Sí,Sí,Sí,No,Sí,Sí,Sí,Fire Lancer
Khmer,Sí,Sí,No,Sí,Sí,No,Sí,No,-
Koreans,Sí,Sí,Sí,Sí,Sí,Sí,Sí,Sí,Fire Lancer
Lithuanians,Sí,Sí,Sí,Sí,Sí,Sí,Sí,No,-
Magyars,Sí,Sí,Sí,Sí,Sí,No,Sí,No,-
Malay,Sí,Sí,No,Sí,Sí,Sí,Sí,No,-
Malians,Sí,Sí,Sí,Sí,No,Sí,Sí,Free Bonus,-
Mapuche,Champi,Elite Champi,No,Sí,Sí,No,Sí,No,-
Maya,Sí,Sí,No,Sí,Sí,Sí,Sí,No,Eagle Warrior
Mongols,Sí,Sí,Sí,Sí,No,Sí,Sí,No,-
Muisca,Champi,Elite Champi,No,Sí,No,Sí,No,No,Temple Guard
Persians,Sí,No,No,Sí,Sí,Sí,Sí,Sí,-
Poles,Sí,Sí,Sí,Sí,No,Sí,Sí,No,-
Portuguese,Sí,Sí,Sí,Sí,Sí,No,Sí,Sí,-
Romans,Sí,Legionary,No,Sí,Sí,Sí,No,Free Bonus,Legionary
Saracens,Sí,Sí,Sí,Sí,No,Sí,Sí,Sí,-
Shu,Sí,Sí,Sí,Sí,Sí,Sí,Sí,Sí,-
Sicilians,Sí,Sí,Sí,Sí,Sí,Sí,Sí,Sí,-
Slavs,Sí,Sí,Sí,Sí,Sí,Sí,Free Tech,Free Tech,-
Spanish,Sí,Sí,Sí,Sí,Sí,Sí,Sí,Sí,-
Tatars,Sí,Sí,No,Sí,Sí,Sí,Sí,No,-
Teutons,Sí,Sí,Sí,Sí,Sí,Sí,Sí,Sí,-
Tupi,Champi,Elite Champi,No,Sí,Sí,Sí,Sí,No,Ibirapema Warrior
Turks,Sí,Sí,Sí,No,No,Sí,Sí,No,-
Vietnamese,Sí,Sí,Sí,Sí,Sí,Sí,Sí,No,Fire Lancer
Vikings,Sí,Sí,Sí,Sí,No,Sí,Sí,Sí,-
Wei,Sí,Sí,No,Sí,Sí,Sí,Sí,No,-
Wu,Sí,Sí,Sí,Sí,Sí,Sí,Sí,No,Jian Swordsman