Civilización,Light Cavalry,Hussar,Knight,Cavalier,Paladin,Bloodlines,Husbandry,Unidades Regionales / Únicas
Armenians,Sí,No,Sí,Sí,No,Sí,Sí,-
Bengalis,Sí,No,No,No,No,Sí,Sí,Battle Elephant
Berbers,Sí,Sí,Sí,Sí,No,Sí,Sí,Camel Rider
Bohemians,Sí,No,Sí,Sí,No,No,Sí,-
Britons,Sí,No,Sí,Sí,No,No,Sí,-
Bulgarians,Sí,Sí,Sí,Sí,No,Sí,Sí,-
Burgundians,Sí,Sí,Sí,Sí,Sí,No,Sí,-
Burmese,Sí,Sí,Sí,Sí,No,Sí,Sí,Battle Elephant
Byzantines,Sí,Sí,Sí,Sí,Sí,No,Sí,Camel Rider
Celts,Sí,Sí,Sí,Sí,Sí,No,Sí,-
Chinese,Sí,No,Sí,Sí,No,Sí,Sí,-
Cumans,Sí,Sí,Sí,Sí,Sí,Sí,Sí,Camel Rider + Steppe Lancer
Dravidians,Sí,No,No,No,No,No,Sí,Battle Elephant
Ethiopians,Sí,Sí,Sí,Sí,No,No,Sí,Camel Rider
Franks,Sí,No,Sí,Sí,Sí,No,Sí,-
Georgians,Sí,Sí,Sí,Sí,No,Sí,Sí,-
Goths,Sí,Sí,Sí,Sí,Sí,Sí,Sí,-
Gurjaras,Sí,Sí,No,No,No,Sí,Sí,Camel Rider + Shrivamsha Rider
Hindustanis,Sí,Sí,No,No,No,Sí,Sí,Imperial Camel Rider
Huns,Sí,Sí,Sí,Sí,Sí,Sí,Sí,Tarkan
Italians,Sí,Sí,Sí,Sí,No,Sí,Sí,-
Japanese,Sí,No,Sí,Sí,No,Sí,Sí,-
Jurchens,Sí,Sí,No,No,No,Sí,Sí,Steppe Lancer
Khitans,Sí,Sí,No,No,No,No,Sí,Camel Rider + Steppe Lancer
Khmer,Sí,Sí,Sí,Sí,No,Sí,Sí,Battle Elephant
Koreans,Sí,Sí,Sí,Sí,No,No,Sí,-
Lithuanians,Sí,Winged Hussar,Sí,Sí,Sí,Sí,Sí,Winged Hussar
Magyars,Sí,Sí,Sí,Sí,Sí,Sí,Sí,-
Malay,Sí,Sí,Sí,Sí,No,No,Sí,Battle Elephant
Malians,Sí,Sí,Sí,Sí,No,Sí,Sí,Camel Rider
Mapuche,Sí,No,No,No,No,No,Sí,-
Mongols,Sí,Sí,Sí,Sí,No,Sí,Sí,Camel Rider + Steppe Lancer
Persians,Sí,Sí,Sí,Sí,Savar,Sí,Sí,Savar + Camel Rider
Poles,Sí,Winged Hussar,Sí,Sí,No,Sí,Sí,Winged Hussar
Romans,Sí,No,Sí,Sí,No,Sí,Sí,-
Saracens,Sí,Sí,Sí,No,No,Sí,Sí,Camel Rider
Shu,Sí,No,Hei Guang,Heavy Hei Guang,No,No,Sí,Hei Guang Cavalry
Sicilians,Sí,No,Sí,Sí,No,Sí,Sí,-
Slavs,Sí,Sí,Sí,Sí,No,Sí,Sí,-
Spanish,Sí,Sí,Sí,Sí,Sí,Sí,Sí,-
Tatars,Sí,Sí,Sí,Sí,No,Sí,Sí,Camel Rider + Steppe Lancer
Teutons,No,No,Sí,Sí,Sí,Sí,No,-
Turks,Free,Free,Sí,Sí,No,Sí,Sí,Camel Rider
Vietnamese,Sí,No,Sí,Sí,No,Sí,Sí,Battle Elephant
Vikings,Sí,No,Sí,Sí,No,No,No,-
Wei,Sí,Sí,Hei Guang,Heavy Hei Guang,No,Sí,Sí,Hei Guang Cavalry
Wu,Sí,Sí,Hei Guang,Heavy Hei Guang,No,Sí,Sí,Hei Guang Cavalry