Civilización,Leather Archer Armor,Ring Archer Armor,Bracer,Iron Casting,Blast Furnace,Chain Mail Armor,Plate Mail Armor,Scale Barding Armor,Chain Barding Armor,Plate Barding Armor,All
Armenians,Sí,Sí,Sí,Sí,Sí,Sí,Sí,Sí,Sí,No,-
Aztecs,Sí,No,Sí,Sí,Sí,Sí,Sí,No,No,No,-
Bengalis,Sí,Sí,Sí,Sí,Sí,Sí,No,Sí,Sí,Sí,-
Berbers,Sí,Sí,Sí,Sí,Sí,Sí,Sí,Sí,Sí,Sí,X
Bohemians,Sí,Sí,Sí,Sí,Sí,Sí,Sí,Sí,Sí,No,-
Britons,Sí,Sí,Sí,Sí,Sí,Sí,Sí,Sí,Sí,Sí,X
Bulgarians,Sí,No,Sí,Sí,Sí,Sí,Sí,Sí,Sí,Sí,-
Burgundians,Sí,No,Sí,Sí,Sí,Sí,Sí,Sí,Sí,Sí,-
Burmese,No,No,Sí,Sí,Sí,Sí,Sí,Sí,Sí,Sí,-
Byzantines,Sí,Sí,Sí,Sí,Sí,No,Sí,Sí,Sí,Sí,-
Celts,Sí,Sí,No,Sí,Sí,Sí,Sí,Sí,Sí,No,-
Chinese,Sí,Sí,Sí,Sí,Sí,Sí,Sí,Sí,Sí,Sí,X
Cumans,Sí,Sí,No,Sí,Sí,Sí,Sí,Sí,Sí,Sí,-
Dravidians,Sí,Sí,Sí,Sí,Sí,Sí,Sí,Sí,Sí,No,-
Ethiopians,Sí,Sí,Sí,Sí,Sí,Sí,Sí,Sí,Sí,No,-
Franks,Sí,No,No,Sí,Sí,Sí,Sí,Sí,Sí,Sí,-
Georgians,Sí,No,Sí,Sí,Sí,Sí,Sí,Sí,Sí,Sí,-
Goths,Sí,Sí,Sí,Sí,Sí,Sí,No,Sí,Sí,No,-
Gurjaras,Sí,No,Sí,Sí,Sí,No,Sí,Sí,Sí,Sí,-
Hindustanis,Sí,Sí,Sí,Sí,Sí,Sí,No,Sí,Sí,Sí,-
Huns,Sí,No,Sí,Sí,Sí,Sí,No,Sí,Sí,Sí,-
Italians,Sí,Sí,Sí,Sí,Sí,Sí,Sí,Sí,Sí,Sí,X
Japanese,Sí,Sí,Sí,Sí,Sí,Sí,Sí,Sí,Sí,No,-
Jurchens,Sí,Sí,Sí,Sí,Sí,Sí,No,Sí,Sí,Sí,-
Khitans,Sí,Sí,Sí,Sí,No,Sí,Sí,Sí,Sí,Sí,-
Khmer,Sí,Sí,Sí,Sí,Sí,Sí,No,Sí,Sí,Sí,-
Koreans,Sí,Sí,Sí,Sí,Sí,No,Sí,Sí,Sí,No,-
Lithuanians,Sí,Sí,Sí,Sí,No,No,Sí,Sí,Sí,Sí,-
Magyars,Sí,Sí,Sí,Sí,No,No,No,Sí,Sí,Sí,-
Malay,Sí,Sí,Sí,Sí,Sí,Sí,No,Sí,No,No,-
Malians,Sí,Sí,No,Sí,Sí,Sí,Sí,Sí,Sí,Sí,-
Mapuche,Sí,Sí,No,Sí,Sí,Sí,Sí,No,No,No,-
Maya,Sí,Sí,Sí,Sí,Sí,Sí,Sí,No,No,No,-
Mongols,Sí,No,Sí,Sí,Sí,Sí,Sí,Sí,Sí,No,-
Muisca,Sí,No,Sí,Sí,Sí,No,No,No,No,No,-
Persians,Sí,Sí,No,Sí,Sí,Sí,Sí,Sí,Sí,Sí,-
Poles,Sí,No,Sí,Sí,Sí,Sí,Sí,Sí,Sí,No,-
Portuguese,Sí,Sí,Sí,Sí,Sí,Sí,Sí,Sí,Sí,Sí,X
Romans,Sí,Sí,No,Sí,Sí,Sí,Sí,Sí,Sí,Sí,-
Saracens,Sí,Sí,Sí,Sí,Sí,Sí,Sí,Sí,Sí,Sí,X
Shu,Sí,Sí,Sí,Sí,Sí,Sí,Sí,Sí,Sí,Sí,-
Sicilians,Sí,No,Sí,Sí,Sí,Sí,Sí,Sí,Sí,Sí,-
Slavs,Sí,Sí,No,Sí,Sí,Sí,Sí,Sí,Sí,Sí,-
Spanish,Sí,Sí,Sí,Sí,Sí,Sí,Sí,Sí,Sí,Sí,X
Tatars,Sí,Sí,Sí,Sí,Sí,Sí,No,Sí,Sí,Sí,-
Teutons,Sí,Sí,No,Sí,Sí,Sí,Sí,Sí,Sí,Sí,-
Tupi,Sí,Sí,Sí,Sí,Sí,No,No,No,No,No,-
Turks,Sí,Sí,Sí,Sí,Sí,Sí,Sí,Sí,Sí,Sí,X
Vietnamese,Sí,Sí,Sí,Sí,Sí,No,Sí,Sí,Sí,Sí,-
Vikings,Sí,Sí,Sí,Sí,Sí,Sí,Sí,Sí,Sí,No,-
Wei,Sí,Sí,Sí,Sí,Sí,Sí,No,Sí,Sí,No,-
Wu,Sí,No,Sí,Sí,Sí,Sí,Sí,Sí,Sí,Sí,-