Civilización,Redemption,Atonement,Herbal Medicine,Heresy,Sanctity,Fervor,Faith,Illumination,Block Printing,Theocracy,All
Armenians,Sí,Sí,Sí,Sí,Sí,Sí,Sí,Sí,Sí,Sí,X
Aztecs,Sí,Sí,Sí,Sí,Sí,Sí,Sí,Sí,Sí,Sí,X
Bengalis,Sí,Sí,Sí,No,Sí,Sí,Sí,Sí,Sí,Sí,-
Berbers,Sí,Sí,Sí,Sí,No,Sí,Sí,Sí,No,Sí,-
Bohemians,Sí,Sí,Sí,Sí,Sí,Sí,Sí,Sí,Sí,Sí,X
Britons,No,No,Sí,No,Sí,Sí,Sí,Sí,Sí,Sí,-
Bulgarians,Sí,No,Sí,Sí,No,Sí,No,Sí,No,Sí,-
Burgundians,Sí,Sí,Sí,No,Sí,Sí,Sí,Sí,Sí,No,-
Burmese,Sí,Sí,Sí,No,Sí,Sí,Sí,Sí,Sí,Sí,-
Byzantines,Sí,Sí,No,Sí,Sí,Sí,Sí,Sí,Sí,Sí,-
Celts,No,No,Sí,Sí,Sí,Sí,Sí,No,No,No,-
Chinese,No,Sí,Sí,No,Sí,Sí,Sí,Sí,Sí,Sí,-
Cumans,No,Sí,Sí,Sí,Sí,Sí,Sí,No,No,No,-
Dravidians,No,Sí,Sí,No,Sí,No,Sí,No,Sí,Sí,-
Ethiopians,No,Sí,Sí,Sí,Sí,Sí,Sí,Sí,No,Sí,-
Franks,No,No,Sí,Sí,Sí,Sí,Sí,Sí,Sí,Sí,-
Georgians,Sí,No,Sí,Sí,Sí,Sí,Sí,No,Sí,Sí,-
Goths,No,No,Sí,No,Sí,Sí,Sí,Sí,No,Sí,-
Gurjaras,Sí,Sí,Sí,Sí,Sí,Sí,No,Sí,No,Sí,-
Hindustanis,Sí,No,Sí,No,Sí,Sí,Sí,Sí,Sí,Sí,-
Huns,No,Sí,No,Sí,Sí,Sí,Sí,Sí,No,No,-
Italians,Sí,Sí,Sí,No,Sí,Sí,Sí,Sí,Sí,Sí,-
Japanese,Sí,Sí,Sí,No,Sí,Sí,Sí,Sí,Sí,Sí,-
Jurchens,No,Sí,Sí,No,Sí,Sí,No,Sí,Sí,Sí,-
Khitans,No,Sí,No,Sí,Sí,Sí,Sí,Sí,No,Sí,-
Khmer,Sí,No,Sí,No,Sí,Sí,Sí,Sí,No,Sí,-
Koreans,No,No,Sí,No,Sí,Sí,Sí,No,Sí,Sí,-
Lithuanians,Sí,Sí,Sí,Sí,Sí,Sí,Sí,Sí,Sí,Sí,X
Magyars,No,No,Sí,Sí,Sí,Sí,No,Sí,Sí,Sí,-
Malay,Sí,Sí,Sí,Sí,Sí,No,Sí,Sí,Sí,No,-
Malians,Sí,Sí,Sí,Sí,Sí,Sí,Sí,Sí,No,Sí,-
Mapuche,Sí,No,Sí,No,Sí,Sí,Sí,Sí,No,No,-
Maya,Sí,No,Sí,Sí,Sí,No,Sí,Sí,No,Sí,-
Mongols,Sí,No,Sí,Sí,No,Sí,Sí,Sí,Sí,No,-
Muisca,Sí,No,Sí,No,Sí,Sí,Sí,Sí,No,Sí,-
Persians,Sí,Sí,Sí,Sí,Sí,Sí,Sí,Sí,No,Sí,-
Poles,Sí,No,Sí,Sí,Sí,No,Sí,Sí,Sí,Sí,-
Portuguese,Sí,Sí,Sí,No,Sí,Sí,Sí,Sí,Sí,Sí,-
Romans,Sí,Sí,Sí,Sí,Sí,Sí,Sí,Sí,Sí,Sí,-
Saracens,Sí,No,Sí,No,Sí,Sí,Sí,Sí,Sí,Sí,-
Shu,Sí,Sí,Sí,Sí,Sí,Sí,No,Sí,Sí,Sí,-
Sicilians,Sí,No,No,No,Sí,Sí,Sí,Sí,Sí,Sí,-
Slavs,Sí,No,Sí,Sí,No,No,Sí,Sí,Sí,Sí,-
Spanish,Sí,Sí,Sí,No,Sí,Sí,Sí,Sí,Sí,Sí,-
Tatars,Sí,No,No,Sí,Sí,Sí,Sí,Sí,Sí,Sí,-
Teutons,Sí,No,Sí,Sí,Sí,Sí,Sí,Sí,Sí,Sí,-
Tupi,No,No,Sí,Sí,Sí,Sí,Sí,No,No,No,-
Turks,Sí,Sí,Sí,Sí,Sí,Sí,Sí,Sí,Sí,Sí,-
Vietnamese,No,No,Sí,No,Sí,Sí,Sí,Sí,Sí,Sí,-
Vikings,Sí,No,Sí,Sí,No,Sí,Sí,No,Sí,Sí,-
Wei,Sí,No,Sí,Sí,Sí,Sí,Sí,No,No,No,-
Wu,Sí,Sí,No,Sí,Sí,Sí,No,No,No,Sí,-