Civilización,Galleon,Fast Fire Ship,Carrack,Heavy Demolition Ship,Cannon Galleon,Elite Cannon Galleon,Dry Dock,Shipwright,Carvel Hull,Siphons,Incendiaries,Bracer,Blast Furnace,Siege Engineers,Regional / Única
Armenians,Sí,No,Sí,Sí,Sí,No,Sí,Sí,Sí,Sí,No,Sí,Sí,Sí,-
Aztecs,Sí,Sí,No,Sí,No,No,Sí,No,No,No,No,Sí,Sí,No,Catapult Galleon
Bengalis,Sí,Sí,Sí,Sí,Sí,Sí,Sí,Sí,Sí,Sí,No,Sí,Sí,Sí,-
Berbers,Sí,Sí,Sí,Sí,Sí,Sí,Sí,Sí,Sí,Sí,No,Sí,Sí,Sí,-
Bohemians,Sí,No,No,No,No,No,Sí,Sí,Sí,No,No,Sí,Sí,Sí,-
Britons,No,No,No,Sí,Sí,No,Sí,Sí,Sí,Sí,No,Sí,Sí,Sí,-
Bulgarians,No,No,No,No,No,No,Sí,Sí,Sí,No,No,Sí,Sí,Sí,-
Burgundians,Sí,No,No,No,Sí,No,Sí,Sí,Sí,Sí,No,Sí,Sí,Sí,-
Burmese,Sí,No,No,No,Sí,No,Sí,Sí,Sí,No,No,Sí,Sí,Sí,-
Byzantines,Sí,Sí,No,Sí,Sí,No,Sí,Sí,Sí,Sí,No,Sí,Sí,Sí,Dromon
Celts,No,No,No,Sí,Sí,No,Sí,Sí,Sí,Sí,No,No,Sí,Sí,-
Chinese,Sí,Sí,No,Sí,Sí,No,Sí,Sí,Sí,Sí,No,Sí,Sí,Sí,Lou Chuan + Dragon Ship
Cumans,No,No,No,No,No,No,Sí,Sí,Sí,No,No,Sí,Sí,Sí,Catapult Galleon
Dravidians,Sí,Sí,Sí,Sí,Sí,Sí,Sí,Sí,Sí,Sí,No,Sí,Sí,Sí,-
Ethiopians,No,No,No,Sí,No,No,Sí,Sí,Sí,No,No,Sí,Sí,Sí,-
Franks,No,No,No,No,Sí,No,Sí,Sí,Sí,Sí,No,Sí,Sí,Sí,-
Georgians,No,No,No,No,No,No,Sí,Sí,Sí,No,No,Sí,Sí,Sí,-
Goths,Sí,Sí,No,Sí,Sí,No,Sí,Sí,Sí,Sí,No,Sí,Sí,Sí,-
Gurjaras,No,No,No,Sí,Sí,No,Sí,Sí,Sí,No,No,Sí,Sí,Sí,-
Hindustanis,Sí,No,No,No,Sí,No,Sí,Sí,Sí,Sí,No,Sí,Sí,Sí,-
Huns,Sí,Sí,No,Sí,No,No,Sí,Sí,Sí,No,No,Sí,Sí,No,-
Italians,Sí,Sí,Sí,Sí,Sí,Sí,Sí,Sí,Sí,Sí,No,Sí,Sí,Sí,-
Japanese,Sí,Sí,No,Sí,Sí,No,Sí,Sí,Sí,Sí,No,Sí,Sí,Sí,-
Jurchens,Sí,Sí,No,Sí,Sí,No,Sí,Sí,Sí,Sí,No,Sí,Sí,Sí,Lou Chuan
Khitans,Sí,No,No,No,Sí,No,Sí,Sí,Sí,Sí,No,Sí,Sí,Sí,Lou Chuan
Khmer,Sí,No,No,No,Sí,No,Sí,Sí,Sí,Sí,No,Sí,Sí,Sí,-
Koreans,Sí,Sí,No,Sí,Sí,No,Sí,Sí,Sí,Sí,No,Sí,Sí,Sí,Turtle Ship
Lithuanians,No,No,No,No,Sí,No,Sí,Sí,Sí,No,No,Sí,Sí,Sí,-
Magyars,No,No,No,Sí,No,No,Sí,Sí,Sí,No,No,Sí,Sí,Sí,-
Malay,Sí,Sí,No,Sí,Sí,No,Sí,Sí,Sí,Sí,No,Sí,Sí,Sí,Thundering Junks
Malians,No,No,No,No,Sí,No,Sí,Sí,Sí,No,No,Sí,Sí,Sí,-
Mapuche,Sí,No,No,No,No,No,Sí,Sí,Sí,No,No,Sí,Sí,No,-
Maya,Sí,Sí,No,Sí,No,No,Sí,Sí,Sí,No,No,Sí,Sí,No,-
Mongols,Sí,No,No,Sí,Sí,No,Sí,Sí,Sí,Sí,No,Sí,Sí,Sí,-
Muisca,Sí,No,No,No,No,No,Sí,Sí,Sí,No,No,Sí,Sí,No,-
Persians,Sí,No,No,No,Sí,No,Sí,Sí,Sí,Sí,No,Sí,Sí,Sí,-
Poles,No,No,No,No,Sí,No,Sí,Sí,Sí,No,No,Sí,Sí,Sí,-
Portuguese,Sí,No,Sí,No,Sí,No,Sí,Sí,Sí,Sí,No,Sí,Sí,Sí,Caravel
Romans,Sí,Sí,No,Sí,Sí,No,Sí,Sí,Sí,Sí,No,Sí,Sí,Sí,Dromon
Saracens,Sí,No,No,No,Sí,No,Sí,Sí,Sí,Sí,No,Sí,Sí,Sí,-
Shu,Sí,Sí,No,Sí,Sí,No,Sí,Sí,Sí,Sí,No,Sí,Sí,Sí,Lou Chuan
Sicilians,Sí,No,No,Sí,Sí,No,Sí,Sí,Sí,Sí,No,Sí,Sí,Sí,-
Slavs,No,No,No,No,Sí,No,Sí,Sí,Sí,No,No,Sí,Sí,Sí,-
Spanish,Sí,No,No,Sí,Sí,No,Sí,Sí,Sí,Sí,No,Sí,Sí,Sí,-
Tatars,Sí,No,No,No,Sí,No,Sí,Sí,Sí,Sí,No,Sí,Sí,Sí,-
Teutons,No,No,No,No,Sí,No,Sí,Sí,Sí,Sí,No,Sí,Sí,Sí,-
Tupi,Sí,No,No,No,No,No,Sí,Sí,Sí,No,No,Sí,Sí,No,-
Turks,Sí,Sí,No,Sí,Sí,No,Sí,Sí,Sí,Sí,No,Sí,Sí,Sí,-
Vietnamese,Sí,No,No,Sí,Sí,No,Sí,Sí,Sí,Sí,No,Sí,Sí,Sí,-
Vikings,Sí,No,No,No,Sí,No,Sí,Sí,Sí,Sí,No,Sí,Sí,Sí,Longboat
Wei,Sí,Sí,No,Sí,Sí,No,Sí,Sí,Sí,Sí,No,Sí,Sí,Sí,-
Wu,Sí,Sí,No,Sí,Sí,No,Sí,Sí,Sí,Sí,No,Sí,Sí,Sí,Lou Chuan