Civilización,Capped Ram,Siege Ram,Onager,Siege Onager,Scorpion,Heavy Scorpion,Bombard Cannon,Regional / Única
Armenians,Sí,No,Sí,No,Sí,Sí,Sí,-
Aztecs,Sí,Sí,Sí,Sí,Sí,Sí,No,-
Bengalis,Siege Elephant,No,Sí,No,Sí,Sí,Sí,Siege Elephant
Berbers,Sí,No,Sí,No,Sí,Sí,Sí,-
Bohemians,Sí,No,Sí,No,Sí,Sí,Sí,Houfnice
Britons,Sí,No,Sí,No,Sí,Sí,Sí,-
Bulgarians,Sí,Sí,Sí,Sí,Sí,Sí,Sí,-
Burgundians,Sí,No,Sí,No,Sí,Sí,No,-
Burmese,Sí,No,Sí,No,Sí,Sí,Sí,-
Byzantines,Sí,Sí,Sí,No,Sí,Sí,No,-
Celts,Sí,Sí,Sí,Sí,Sí,Sí,Sí,-
Chinese,Sí,Sí,Heavy Rocket Cart,No,Sí,Sí,No,Heavy Rocket Cart
Cumans,Sí,Sí,Sí,Sí,Sí,Sí,No,-
Dravidians,Siege Elephant,No,Sí,Sí,Sí,Sí,Sí,Siege Elephant
Ethiopians,Sí,Sí,Sí,Sí,Sí,Sí,Sí,-
Franks,Sí,No,Sí,No,Sí,Sí,Sí,-
Georgians,Sí,Sí,Sí,Sí,Sí,Sí,No,-
Goths,Sí,No,Sí,No,Sí,Sí,Sí,-
Gurjaras,Siege Elephant,No,Sí,No,Sí,Sí,Sí,Siege Elephant
Hindustanis,Siege Elephant,No,Sí,No,Sí,Sí,No,Siege Elephant
Huns,Sí,Sí,No,No,Sí,Sí,No,-
Italians,Sí,No,Sí,No,Sí,Sí,No,-
Japanese,Sí,No,Sí,No,Sí,Sí,Sí,-
Jurchens,Sí,Sí,Heavy Rocket Cart,No,Sí,Sí,Sí,Heavy Rocket Cart
Khitans,Sí,Sí,Heavy Rocket Cart,No,Sí,Sí,No,Heavy Rocket Cart + Mounted Trebuchet
Khmer,Sí,Sí,Sí,No,Sí,Sí,No,-
Koreans,Sí,No,Heavy Rocket Cart,No,Sí,Sí,No,Heavy Rocket Cart
Lithuanians,Sí,No,Sí,No,Sí,Sí,No,-
Magyars,Sí,No,Sí,No,Sí,Sí,No,-
Malay,Sí,No,Sí,No,Sí,Sí,Sí,-
Malians,Sí,Sí,Sí,Sí,Sí,Sí,No,-
Mongols,Sí,Sí,Sí,Sí,Sí,Sí,Sí,-
Persians,Sí,Sí,Sí,No,Sí,Sí,Sí,-
Poles,Sí,Sí,Sí,No,Sí,Sí,No,-
Portuguese,Sí,No,Sí,No,Sí,Sí,No,-
Romans,Sí,Sí,Sí,No,Sí,Sí,Sí,-
Saracens,Sí,Sí,Sí,Sí,Sí,Sí,No,-
Shu,Sí,Sí,Sí,No,War Chariot,-,No,War Chariot + Traction Trebuchet
Sicilians,Sí,Sí,Sí,Sí,Sí,Sí,Sí,-
Slavs,Sí,Sí,Sí,Sí,Sí,Sí,Sí,-
Spanish,Sí,Sí,Sí,No,Sí,Sí,No,-
Tatars,Sí,Sí,Sí,No,Sí,Sí,No,Flaming Camel
Teutons,Sí,Sí,Sí,Sí,Sí,Sí,Sí,-
Turks,Sí,Sí,No,No,Sí,Sí,Sí,-
Vietnamese,Sí,No,Sí,No,Sí,Sí,No,-
Vikings,Sí,Sí,Sí,No,Sí,Sí,Sí,-
Wei,Sí,Sí,Sí,No,Sí,Sí,Sí,Traction Trebuchet
Wu,No,No,Sí,No,Sí,Sí,Sí,Traction Trebuchet