Civilización,Masonry,Architecture,Fortified Wall,Guard Tower,Keep,Heated Shot,Treadmill Crane,Bombard Tower,Siege Engineers,Arrowslits,Dry Dock,Shipwright,Carvel Hull,Siphons,Incendiaries,Total
Armenians,Sí,No,Sí,Sí,No,Sí,Sí,Sí,Sí,Sí,Sí,Sí,Sí,Sí,No,13
Aztecs,No,No,Sí,Sí,No,Sí,Sí,No,No,No,Sí,No,No,No,No,6
Bengalis,Sí,Sí,Sí,Sí,Sí,Sí,Sí,No,Sí,Sí,Sí,Sí,Sí,Sí,No,13
Berbers,Sí,No,Sí,Sí,No,Sí,Sí,No,Sí,Sí,Sí,Sí,Sí,Sí,No,11
Bohemians,Sí,Sí,Sí,Sí,Sí,No,Sí,No,Sí,No,Sí,Sí,Sí,No,No,11
Britons,Sí,Sí,Sí,Sí,Sí,Sí,Sí,No,Sí,Sí,Sí,Sí,Sí,Sí,No,13
Bulgarians,Sí,Sí,No,Sí,Sí,No,No,No,No,No,Sí,Sí,Sí,No,No,7
Burgundians,Sí,Sí,Sí,Sí,Sí,Sí,Sí,No,Sí,Sí,Sí,Sí,No,Sí,No,13
Burmese,Sí,Sí,Sí,Sí,Sí,Sí,Sí,No,Sí,No,Sí,Sí,Sí,No,No,12
Byzantines,Free,Free,Sí,Sí,Sí,Sí,Sí,No,Sí,Sí,Sí,Sí,Sí,Sí,No,13
Celts,Sí,No,Sí,Sí,Sí,Sí,Sí,No,Sí,Sí,Sí,Sí,Sí,Sí,No,12
Chinese,Sí,Sí,Sí,Sí,Sí,Sí,No,No,Sí,Sí,Sí,Sí,Sí,Sí,No,13
Cumans,Sí,No,No,No,No,No,No,No,No,No,Sí,Sí,Sí,No,No,4
Dravidians,Sí,No,Sí,Sí,Sí,Sí,Sí,No,Sí,Sí,Sí,Sí,Sí,Sí,No,13
Ethiopians,Sí,Sí,Sí,Sí,Sí,Sí,Sí,No,No,No,Sí,Sí,Sí,Sí,No,12
Franks,Sí,Sí,Sí,Sí,No,No,No,No,Sí,Sí,Sí,Sí,Sí,Sí,No,11
Georgians,Sí,Sí,Sí,Sí,Sí,Sí,Sí,No,No,No,Sí,Sí,Sí,Sí,No,12
Goths,Sí,Sí,No,No,No,Sí,No,No,Sí,Sí,Sí,Sí,Sí,Sí,No,10
Gurjaras,Sí,Sí,Sí,Sí,Sí,Sí,Sí,No,No,No,Sí,Sí,No,No,No,10
Hindustanis,Sí,No,Sí,Sí,No,No,No,No,Sí,No,Sí,Sí,Sí,No,No,8
Huns,Sí,No,No,No,No,No,No,No,No,No,Sí,Sí,Sí,No,No,5
Italians,Sí,Sí,Sí,Sí,Sí,Sí,Sí,No,Sí,Sí,Sí,Sí,Sí,Sí,No,14
Japanese,Sí,No,Sí,Sí,Sí,Sí,Sí,No,Sí,Sí,Sí,Sí,Sí,Sí,No,13
Jurchens,Sí,Sí,Sí,Sí,Sí,No,Sí,No,Sí,Sí,Sí,Sí,Sí,Sí,No,13
Khitans,Sí,No,Sí,Sí,No,Sí,No,No,Sí,No,Sí,Sí,Sí,Sí,No,10
Khmer,Sí,Sí,Sí,Sí,Sí,Sí,No,No,Sí,No,Sí,Sí,Sí,Sí,No,12
Koreans,Sí,Sí,Sí,Free,Free,Sí,Sí,Free,Sí,Sí,Sí,Sí,Sí,Sí,No,15
Lithuanians,Sí,Sí,Sí,Sí,Sí,Sí,Sí,No,No,No,Sí,Sí,Sí,No,No,11
Magyars,Sí,No,No,Sí,No,Sí,Sí,No,No,No,Sí,Sí,Sí,No,No,8
Malay,Sí,No,No,Sí,Sí,Sí,Sí,No,Sí,No,Sí,Sí,Sí,Sí,No,11
Malians,Sí,Sí,Sí,Sí,Sí,Sí,Sí,No,No,No,Sí,Sí,No,No,No,10
Mapuche,Sí,No,No,No,No,No,Sí,No,No,No,Sí,Sí,Sí,Sí,No,7
Maya,Sí,Sí,Sí,Sí,Sí,Sí,Sí,No,No,No,Sí,Sí,No,No,No,10
Mongols,Sí,No,No,Sí,No,No,No,No,Sí,No,Sí,Sí,Sí,Sí,No,8
Muisca,Sí,No,No,Sí,Sí,No,Sí,No,No,No,Sí,Sí,No,No,No,7
Persians,Sí,Sí,No,Sí,No,Sí,No,No,No,No,Sí,Sí,No,Sí,No,8
Poles,Sí,No,Sí,Sí,Sí,No,Sí,No,No,No,Sí,Sí,Sí,No,No,9
Portuguese,Sí,Sí,Sí,Sí,Sí,Sí,Sí,No,Sí,No,Sí,Sí,Sí,Sí,No,13
Romans,Sí,Sí,Sí,Sí,Sí,No,No,No,Sí,Sí,Sí,Sí,Sí,Sí,No,12
Saracens,Sí,No,Sí,Sí,No,No,Sí,No,Sí,Sí,Sí,Sí,Sí,Sí,No,11
Shu,Sí,Sí,Sí,Sí,No,Sí,No,No,Sí,Sí,Sí,Sí,Sí,Sí,No,12
Sicilians,Sí,No,No,No,No,Sí,No,No,Sí,Sí,Sí,Sí,Sí,Sí,No,9
Slavs,Sí,No,No,Sí,No,No,No,No,Sí,No,Sí,Sí,Sí,Sí,No,8
Spanish,Sí,Sí,Sí,Sí,Sí,Sí,Free,No,Sí,Sí,Sí,Sí,Sí,Sí,No,14
Tatars,Sí,No,Sí,Sí,No,Sí,Sí,No,Sí,No,Sí,Sí,Sí,Sí,No,11
Teutons,Sí,No,Sí,Sí,Sí,Sí,No,No,Sí,Sí,Sí,Sí,Sí,Sí,No,12
Tupi,No,No,No,Sí,Sí,Sí,Sí,No,No,No,Sí,Sí,No,No,No,7
Turks,Sí,Sí,Sí,Sí,Sí,Sí,Sí,No,Sí,Sí,Sí,Sí,Sí,Sí,No,14
Vietnamese,No,No,Sí,Sí,Sí,Sí,Sí,No,Sí,Sí,Sí,Sí,No,Sí,No,11
Vikings,Sí,No,Sí,Sí,No,Sí,Sí,No,Sí,Sí,Sí,Sí,Sí,Sí,No,12
Wei,Sí,No,Sí,Sí,Sí,Sí,Sí,No,No,No,Sí,Sí,No,No,No,9
Wu,Sí,Sí,No,Sí,Sí,Sí,Sí,No,No,No,Sí,Sí,No,No,No,9